<?xml version="1.0" encoding="UTF-8" standalone="yes"?>
<spartan version="5.0">
    <notations>
        <notation kind="Cent" value="cent"/>
        <notation kind="Dollar" value="$"/>
    </notations>
    <tippers>
        <tipper enabled="true" id="-5043727367787844893"/>
        <tipper enabled="true" id="7624011796441469217"/>
        <tipper enabled="true" id="4281606632584731848"/>
        <tipper enabled="true" id="-1263526923784459386"/>
        <tipper enabled="true" id="-6131575687350461523"/>
        <tipper enabled="true" id="-1964351676264169946"/>
        <tipper enabled="true" id="-1157844982389320057"/>
        <tipper enabled="true" id="-2175075259560385549"/>
        <tipper enabled="true" id="2259745231803950939"/>
        <tipper enabled="true" id="5922696779617973428"/>
        <tipper enabled="true" id="719856780934579562"/>
        <tipper enabled="true" id="-7502939324573443092"/>
        <tipper enabled="true" id="-1555771651723844992"/>
        <tipper enabled="true" id="-7695643321354565364"/>
        <tipper enabled="false" id="-6638105215049141624"/>
        <tipper enabled="true" id="6308185220779727829"/>
        <tipper enabled="true" id="-2855334552468199138"/>
        <tipper enabled="true" id="1656113602362467840"/>
        <tipper enabled="true" id="-534365936521275928"/>
        <tipper enabled="true" id="-6778845891475220340"/>
        <tipper enabled="true" id="-7760228220337214462"/>
        <tipper enabled="true" id="-8630038787651083003"/>
        <tipper enabled="true" id="4375161244863616313"/>
        <tipper enabled="true" id="-5409462387889550538"/>
        <tipper enabled="true" id="-9212172232007324810"/>
        <tipper enabled="true" id="-2477420682938910320"/>
        <tipper enabled="true" id="3496864953281334906"/>
        <tipper enabled="true" id="-5353123467714120198"/>
        <tipper enabled="true" id="2174891198673495792"/>
        <tipper enabled="true" id="-3384979771292763464"/>
        <tipper enabled="true" id="3038270702130812581"/>
        <tipper enabled="true" id="-8750113331278505320"/>
        <tipper enabled="true" id="1956893636347087064"/>
        <tipper enabled="true" id="1319731512145811654"/>
        <tipper enabled="true" id="-8103296515828492553"/>
        <tipper enabled="false" id="-5815591308727978558"/>
        <tipper enabled="true" id="7460439456362668944"/>
        <tipper enabled="true" id="3971327019011226138"/>
        <tipper enabled="true" id="2135500968807051621"/>
        <tipper enabled="true" id="4315491163164760502"/>
        <tipper enabled="true" id="2547606833786954080"/>
        <tipper enabled="true" id="-4773914669041733973"/>
        <tipper enabled="true" id="3626620363572251195"/>
        <tipper enabled="true" id="-5100316440166627940"/>
        <tipper enabled="true" id="7913539614277563670"/>
        <tipper enabled="true" id="-7923427929124988553"/>
        <tipper enabled="true" id="-1169329057289882569"/>
        <tipper enabled="true" id="1076426871620962241"/>
        <tipper enabled="true" id="-5372157375600285659"/>
        <tipper enabled="true" id="-3692738201124876878"/>
        <tipper enabled="true" id="-7106502252108749001"/>
        <tipper enabled="true" id="8876424452340040075"/>
        <tipper enabled="true" id="6911821003993244593"/>
        <tipper enabled="true" id="6782225357014020547"/>
        <tipper enabled="true" id="627788367860581003"/>
        <tipper enabled="true" id="-5423686618924537619"/>
        <tipper enabled="true" id="-9215176071220857924"/>
        <tipper enabled="true" id="-2589593872356482061"/>
        <tipper enabled="true" id="6437535275241101765"/>
        <tipper enabled="true" id="7639783379834141872"/>
        <tipper enabled="true" id="-2111774950044581715"/>
        <tipper enabled="true" id="200228162286468375"/>
        <tipper enabled="true" id="-8897742439908596829"/>
        <tipper enabled="true" id="8015068204117686495"/>
        <tipper enabled="true" id="2753862216811010879"/>
        <tipper enabled="true" id="3685470914076803755"/>
        <tipper enabled="true" id="-4807179505337496498"/>
        <tipper enabled="true" id="8014753129449325929"/>
        <tipper enabled="true" id="3552466561840604448"/>
        <tipper enabled="true" id="-5074474247593472862"/>
        <tipper enabled="true" id="-4217296742524813844"/>
        <tipper enabled="true" id="-2150446855942062458"/>
        <tipper enabled="true" id="8781877067464919917"/>
        <tipper enabled="true" id="-1714944750492389867"/>
        <tipper enabled="true" id="-774288757243201042"/>
        <tipper enabled="true" id="-1245089074484114122"/>
        <tipper enabled="true" id="675377550531970020"/>
        <tipper enabled="true" id="419076275354893131"/>
        <tipper enabled="true" id="5746921500852829859"/>
        <tipper enabled="true" id="-4145668192513583707"/>
        <tipper enabled="true" id="-6659425996990267080"/>
        <tipper enabled="true" id="829099308877429388"/>
        <tipper enabled="true" id="-8461776767592437316"/>
        <tipper enabled="true" id="-6801065909271330189"/>
        <tipper enabled="true" id="-2979399116380160977"/>
        <tipper enabled="true" id="8840150087715615432"/>
        <tipper enabled="true" id="6129844664553603029"/>
        <tipper enabled="true" id="-5781572853977619886"/>
        <tipper enabled="true" id="-5050462199229113194"/>
        <tipper enabled="true" id="2085955416445170669"/>
        <tipper enabled="true" id="-727640004713085455"/>
        <tipper enabled="true" id="-8462153823342463816"/>
        <tipper enabled="true" id="7585159565469454722"/>
        <tipper enabled="true" id="1584961763997960580"/>
        <tipper enabled="true" id="-4282740939895750794"/>
        <tipper enabled="true" id="8587376936334392420"/>
        <tipper enabled="true" id="5103878942470840938"/>
        <tipper enabled="false" id="5418563334058087855"/>
        <tipper enabled="false" id="6162035659739185152"/>
        <tipper enabled="false" id="620491849203631403"/>
        <tipper enabled="true" id="-6339897616387193324"/>
        <tipper enabled="true" id="-1582058371478921273"/>
        <tipper enabled="true" id="-318973030784465509"/>
        <tipper enabled="true" id="-875185107180196417"/>
        <tipper enabled="false" id="6764541766975586375"/>
        <tipper enabled="true" id="4265122877786904832"/>
        <tipper enabled="true" id="7490692444066432956"/>
        <tipper enabled="true" id="-7169963565517331905"/>
        <tipper enabled="true" id="-9089304451195425885"/>
        <tipper enabled="true" id="-7675038373029859299"/>
        <tipper enabled="true" id="7689054690155443332"/>
        <tipper enabled="false" id="2597846433179905741"/>
        <tipper enabled="true" id="-2709826205107840171"/>
        <tipper enabled="false" id="2561917041949221850"/>
        <tipper enabled="true" id="2942670719772764228"/>
        <tipper enabled="false" id="321955529348174125"/>
        <tipper enabled="true" id="-2515749220517264334"/>
        <tipper enabled="true" id="-1674967177889976551"/>
        <tipper enabled="true" id="2775485343542030030"/>
        <tipper enabled="true" id="7233894972736348329"/>
        <tipper enabled="true" id="5853683693900339864"/>
        <tipper enabled="true" id="339602734857194942"/>
        <tipper enabled="true" id="-8358212771965020073"/>
        <tipper enabled="true" id="8032399675463811972"/>
        <tipper enabled="true" id="3283417047801813557"/>
        <tipper enabled="true" id="-8498615008338345991"/>
        <tipper enabled="true" id="-6688424526648227862"/>
        <tipper enabled="false" id="-3634676628162924936"/>
        <tipper enabled="true" id="6215455250967484555"/>
        <tipper enabled="true" id="929095358016977298"/>
        <tipper enabled="true" id="1477509470490701826"/>
        <tipper enabled="true" id="-2866629311596528031"/>
        <tipper enabled="true" id="-6925930851197136485"/>
        <tipper enabled="true" id="6685864331590860235"/>
        <tipper enabled="true" id="748535255358071695"/>
        <tipper enabled="true" id="-4268240777527142541"/>
        <tipper enabled="true" id="6714687738774731933"/>
        <tipper enabled="true" id="-7344214948464934471"/>
        <tipper enabled="true" id="1334179326644184831"/>
        <tipper enabled="true" id="-221763355000543721"/>
        <tipper enabled="true" id="-228096256168103399"/>
        <tipper enabled="true" id="8867383151468342949"/>
        <tipper enabled="true" id="-8610595251612382642"/>
        <tipper enabled="true" id="-855471283048149285"/>
        <tipper enabled="true" id="-5672012043383066061"/>
        <tipper enabled="true" id="2617178983354697602"/>
        <tipper enabled="true" id="7932037869493886974"/>
        <tipper enabled="true" id="-401300117746539825"/>
        <tipper enabled="true" id="-2214012312380722330"/>
        <tipper enabled="true" id="-6223876197494261787"/>
        <tipper enabled="true" id="-8090747456735567355"/>
        <tipper enabled="true" id="-1440560931678543445"/>
        <tipper enabled="true" id="-382828224028857273"/>
        <tipper enabled="true" id="2013380508545213297"/>
        <tipper enabled="true" id="-5595277222526598517"/>
        <tipper enabled="true" id="-212967427070060695"/>
        <tipper enabled="true" id="3689810666505415184"/>
        <tipper enabled="false" id="-3945693304397811549"/>
        <tipper enabled="true" id="-8887752937006192444"/>
        <tipper enabled="true" id="6954094761117949540"/>
        <tipper enabled="true" id="8644185174325773037"/>
        <tipper enabled="true" id="-3150743394756288696"/>
        <tipper enabled="true" id="8349592040340894302"/>
        <tipper enabled="false" id="1374481738232963085"/>
        <tipper enabled="true" id="217715865763761857"/>
        <tipper enabled="true" id="-9097148639014944004"/>
        <tipper enabled="true" id="-574482795207645961"/>
        <tipper enabled="true" id="4825405081215291398"/>
        <tipper enabled="false" id="-3240064673505742343"/>
    </tippers>
</spartan>
